{"pxti/RjCY8lMMwOf77vZoA==":"jo-szczepanska-9okgevjitkk-unsplash-2000x1333.jpg","nCiGFf5GYVaXiaQ/P1WfAQ==":"franck-v-jibmsms4_ka-unsplash-2000x1440.jpg","TpgvvrIIBuYEV6Hn+IutWw==":"thisisengineering-raeng-32ppagszegs-unsplash-2000x1334.jpg","F0Vt5LB5dIZFnV+FtJU3mA==":"lucas-favre-1qs0_sgpi5a-unsplash-2000x1500.jpg","ojRHXa5mkRwzWBCyb/kFFw==":"felix-berger-90tbihe2tdo-unsplash-2000x1333.jpg","bQWKy1pUv4ZvTB5gku0lcQ==":"jonas-svidras-e28-krnivmo-unsplash-2000x1125.jpg","c9HVkuvCR7jJdXZQcSuTOg==":"adrian-bar-6hpkrsa71ou-unsplash-2000x1387.jpg","m/r5bmkdzK1HhfL/QaBujQ==":"adam-solomon-whudozd5iyu-unsplash-2000x1333.jpg","tBXalw+yCMmwBvwwAJ6yCg==":"kyle-nieber-8z805wwazya-unsplash-2000x3000.jpg","BR+JfNaEfRe32pLn6G6Ptg==":"florian-klauer-mk7d-4ucfmg-unsplash-2000x2933.jpg","STpJizCo8ftBuxXbDwKJiw==":"adri-tormo-vtppxc-gfzs-unsplash-2000x1397.jpg","hUcDW29xIQwMdFXSyFMQrw==":"leone-venter-viem9bdzkfo-unsplash-2000x1334.jpg","s2P0wBxLrQgnjWAcOROLyA==":"erica-steeves-g_lwap0tf38-unsplash-2000x2000.jpg","TCtTyjCG/Kvm+9Gt+h1opg==":"alexander-andrews-cu2lda3kbls-unsplash-2000x2000.jpg"}